{
  "baseline": {
    "N": 3997962,
    "N_remove": 199898,
    "A": 1.0,
    "B": 1,
    "C": 5.675325,
    "D": 0.0,
    "t": 12.92864990234375
  },
  "random": {
    "0": {
      "N": 3997962,
      "N_remove": 199898,
      "A": 0.938609,
      "B": 2686,
      "C": 5.565673,
      "D": 0.0,
      "t": 13.023636817932129
    },
    "1": {
      "N": 3997962,
      "N_remove": 199898,
      "A": 0.938503,
      "B": 2658,
      "C": 5.569171,
      "D": 0.0,
      "t": 11.993456602096558
    },
    "2": {
      "N": 3997962,
      "N_remove": 199898,
      "A": 0.938735,
      "B": 2570,
      "C": 5.722065,
      "D": 0.0,
      "t": 12.887125015258789
    },
    "3": {
      "N": 3997962,
      "N_remove": 199898,
      "A": 0.938318,
      "B": 2746,
      "C": 5.548128,
      "D": 0.0,
      "t": 12.322049379348755
    },
    "4": {
      "N": 3997962,
      "N_remove": 199898,
      "A": 0.93831,
      "B": 2726,
      "C": 5.706656,
      "D": 0.0,
      "t": 12.475952386856079
    },
    "5": {
      "N": 3997962,
      "N_remove": 199898,
      "A": 0.938584,
      "B": 2613,
      "C": 5.486554,
      "D": 0.0,
      "t": 11.910814046859741
    },
    "6": {
      "N": 3997962,
      "N_remove": 199898,
      "A": 0.93842,
      "B": 2755,
      "C": 5.508397,
      "D": 0.0,
      "t": 12.612283706665039
    },
    "7": {
      "N": 3997962,
      "N_remove": 199898,
      "A": 0.938545,
      "B": 2677,
      "C": 5.568571,
      "D": 0.0,
      "t": 11.74570918083191
    },
    "8": {
      "N": 3997962,
      "N_remove": 199898,
      "A": 0.93834,
      "B": 2751,
      "C": 5.642974,
      "D": 0.0,
      "t": 12.010971546173096
    },
    "9": {
      "N": 3997962,
      "N_remove": 199898,
      "A": 0.938135,
      "B": 2742,
      "C": 5.712979,
      "D": 0.0,
      "t": 12.501965045928955
    },
    "10": {
      "N": 3997962,
      "N_remove": 199898,
      "A": 0.938394,
      "B": 2793,
      "C": 5.681752,
      "D": 0.0,
      "t": 12.670856952667236
    },
    "11": {
      "N": 3997962,
      "N_remove": 199898,
      "A": 0.938446,
      "B": 2762,
      "C": 5.565572,
      "D": 0.0,
      "t": 11.869882583618164
    },
    "12": {
      "N": 3997962,
      "N_remove": 199898,
      "A": 0.938374,
      "B": 2821,
      "C": 5.513362,
      "D": 0.0,
      "t": 12.565827369689941
    },
    "13": {
      "N": 3997962,
      "N_remove": 199898,
      "A": 0.938532,
      "B": 2707,
      "C": 5.639083,
      "D": 0.0,
      "t": 12.752305030822754
    },
    "14": {
      "N": 3997962,
      "N_remove": 199898,
      "A": 0.938504,
      "B": 2709,
      "C": 5.647317,
      "D": 0.0,
      "t": 12.926362752914429
    },
    "15": {
      "N": 3997962,
      "N_remove": 199898,
      "A": 0.938424,
      "B": 2665,
      "C": 5.49054,
      "D": 0.0,
      "t": 11.836339235305786
    },
    "16": {
      "N": 3997962,
      "N_remove": 199898,
      "A": 0.938559,
      "B": 2702,
      "C": 5.660067,
      "D": 0.0,
      "t": 11.818269968032837
    },
    "17": {
      "N": 3997962,
      "N_remove": 199898,
      "A": 0.938471,
      "B": 2721,
      "C": 5.620901,
      "D": 0.0,
      "t": 12.855314016342163
    },
    "18": {
      "N": 3997962,
      "N_remove": 199898,
      "A": 0.938432,
      "B": 2651,
      "C": 5.591819,
      "D": 0.0,
      "t": 12.907649278640747
    },
    "19": {
      "N": 3997962,
      "N_remove": 199898,
      "A": 0.938568,
      "B": 2749,
      "C": 5.559383,
      "D": 0.0,
      "t": 12.677849292755127
    },
    "20": {
      "N": 3997962,
      "N_remove": 199898,
      "A": 0.938534,
      "B": 2594,
      "C": 5.61766,
      "D": 0.0,
      "t": 12.96223497390747
    },
    "21": {
      "N": 3997962,
      "N_remove": 199898,
      "A": 0.938333,
      "B": 2693,
      "C": 5.665306,
      "D": 0.0,
      "t": 12.739684104919434
    },
    "22": {
      "N": 3997962,
      "N_remove": 199898,
      "A": 0.938139,
      "B": 2839,
      "C": 5.664482,
      "D": 0.0,
      "t": 11.908666849136353
    },
    "23": {
      "N": 3997962,
      "N_remove": 199898,
      "A": 0.938644,
      "B": 2718,
      "C": 5.618332,
      "D": 0.0,
      "t": 12.180439233779907
    },
    "24": {
      "N": 3997962,
      "N_remove": 199898,
      "A": 0.938476,
      "B": 2728,
      "C": 5.735536,
      "D": 0.0,
      "t": 12.819302082061768
    },
    "25": {
      "N": 3997962,
      "N_remove": 199898,
      "A": 0.93859,
      "B": 2614,
      "C": 5.516646,
      "D": 0.0,
      "t": 12.815598964691162
    },
    "26": {
      "N": 3997962,
      "N_remove": 199898,
      "A": 0.938533,
      "B": 2659,
      "C": 5.638198,
      "D": 0.0,
      "t": 12.645829439163208
    },
    "27": {
      "N": 3997962,
      "N_remove": 199898,
      "A": 0.938383,
      "B": 2758,
      "C": 5.505926,
      "D": 0.0,
      "t": 11.843030214309692
    },
    "28": {
      "N": 3997962,
      "N_remove": 199898,
      "A": 0.938299,
      "B": 2646,
      "C": 5.592651,
      "D": 0.0,
      "t": 12.249601125717163
    },
    "29": {
      "N": 3997962,
      "N_remove": 199898,
      "A": 0.93845,
      "B": 2714,
      "C": 5.61631,
      "D": 0.0,
      "t": 12.673774242401123
    }
  },
  "hubs": {
    "N": 3997962,
    "N_remove": 199898,
    "A": 0.891194,
    "B": 11174,
    "C": 7.370879,
    "D": 0.0,
    "t": 11.10246205329895
  }
}